{
  "samples": 552,
  "mean_mae": 0.06639898824674226,
  "mean_mse": 0.010457721737507001,
  "mean_psnr": 21.391513367724016,
  "mean_ssim": 0.702783969298437
}