{
  "samples": 552,
  "mean_mae": 0.08160423483038186,
  "mean_mse": 0.014377789187204578,
  "mean_psnr": 19.765251860545682,
  "mean_ssim": 0.6759740714577661
}