{
  "samples": 552,
  "mean_mae": 0.05644194380737895,
  "mean_mse": 0.008880629289047067,
  "mean_psnr": 23.041151713348313,
  "mean_ssim": 0.7508233456561962
}