{
  "samples": 552,
  "mean_mae": 0.07696023198060584,
  "mean_mse": 0.014314540868129014,
  "mean_psnr": 19.794482586814482,
  "mean_ssim": 0.6938009367634853
}