{
  "samples": 552,
  "mean_mae": 0.10814345852755335,
  "mean_mse": 0.025148975868722882,
  "mean_psnr": 16.820375485196873,
  "mean_ssim": 0.6251700919499432
}