{
  "samples": 552,
  "mean_mae": 0.11323547951094266,
  "mean_mse": 0.026394848165142794,
  "mean_psnr": 16.433842132007598,
  "mean_ssim": 0.6002939810733432
}