{
  "samples": 552,
  "mean_mae": 0.10715019156265518,
  "mean_mse": 0.02493562198335143,
  "mean_psnr": 17.12807997490163,
  "mean_ssim": 0.6267854525721159
}