{
  "samples": 552,
  "mean_mae": 0.11236703728555121,
  "mean_mse": 0.02785832850191661,
  "mean_psnr": 16.539655248961004,
  "mean_ssim": 0.619537562266856
}