{
  "samples": 552,
  "mean_mae": 0.09425179353928652,
  "mean_mse": 0.02136154393446159,
  "mean_psnr": 17.62858904720767,
  "mean_ssim": 0.6687593086474184
}