{
  "samples": 552,
  "mean_mae": 0.09214507832286367,
  "mean_mse": 0.01877646989347683,
  "mean_psnr": 18.367371114945136,
  "mean_ssim": 0.650520700475444
}