metric,target,baseline,tuned,baseline_abs_error,tuned_abs_error,baseline_rel_error_pct,tuned_rel_error_pct
r_mean,0.48244050443172454,0.5605087816715241,0.4955061852931976,0.07806827723979953,0.013065680861473083,16.181949177703803,2.708247077401469
g_mean,0.47350952327251433,0.5606275141239166,0.49816073179244996,0.08711799085140232,0.02465120851993563,18.39836087124781,5.20606393501158
b_mean,0.48530923426151273,0.5770512282848358,0.51314657330513,0.09174199402332306,0.027837339043617293,18.903822047178924,5.736000281547687
lum_mean,0.4762601852416992,0.5617880821228027,0.4986783504486084,0.08552789688110352,0.022418165206909202,17.95822945764375,4.707125622002628
lum_std,0.1029383309185505,0.13256391286849975,0.10615389570593833,0.029625581949949256,0.0032155647873878396,28.779932300816466,3.123777856794804
sat_mean,0.03958760481327772,0.04399180300533771,0.039137831702828405,0.004404198192059991,0.0004497731104493169,11.12519490086154,1.1361463078424552
contrast,0.10667016729712486,0.1368762083351612,0.10998294278979301,0.03020604103803634,0.0033127754926681463,28.317234146543335,3.105625102696766
