{
  "samples": 552,
  "mean_mae": 0.07879037223081442,
  "mean_mse": 0.013560111397595576,
  "mean_psnr": 19.964345510354363,
  "mean_ssim": 0.6611108918660793
}