{
  "samples": 552,
  "mean_mae": 0.06631692266935293,
  "mean_mse": 0.010325917770387605,
  "mean_psnr": 21.674888434772328,
  "mean_ssim": 0.7334407519117214
}