{
  "samples": 552,
  "mean_mae": 0.05734293942467944,
  "mean_mse": 0.008645255500438076,
  "mean_psnr": 22.867515665745643,
  "mean_ssim": 0.7446548202061567
}