{
  "samples": 552,
  "mean_mae": 0.05952461688624074,
  "mean_mse": 0.009167890603419148,
  "mean_psnr": 22.54162163041726,
  "mean_ssim": 0.7447428818576146
}