{
  "samples": 552,
  "mean_mae": 0.18905397381741498,
  "mean_mse": 0.061082510770285044,
  "mean_psnr": 12.695511085865881,
  "mean_ssim": 0.5356720320718444
}