{
  "samples": 552,
  "mean_mae": 0.05045686092943061,
  "mean_mse": 0.007140155004943127,
  "mean_psnr": 24.329691113046852,
  "mean_ssim": 0.7911536907912164
}