{
  "samples": 552,
  "mean_mae": 0.16398299585325996,
  "mean_mse": 0.046514293950378385,
  "mean_psnr": 15.048128061314586,
  "mean_ssim": 0.6092723243181473
}