{
  "samples": 552,
  "mean_mae": 0.08980558104003253,
  "mean_mse": 0.016779071308480088,
  "mean_psnr": 18.976221019731582,
  "mean_ssim": 0.6341919659272485
}