{
  "samples": 552,
  "mean_mae": 0.06409292071686545,
  "mean_mse": 0.010125648495833982,
  "mean_psnr": 21.795958882604975,
  "mean_ssim": 0.7297638468714296
}