epoch,train_loss,val_loss,val_psnr,lr
1,0.08107839211534995,0.06639964851861199,21.376884935637975,0.0
