{
  "samples": 552,
  "mean_mae": 0.11107490931138181,
  "mean_mse": 0.025962997614271077,
  "mean_psnr": 16.53332502358604,
  "mean_ssim": 0.5860471281938363
}