{
  "samples": 552,
  "mean_mae": 0.14529837919669092,
  "mean_mse": 0.043963012177551136,
  "mean_psnr": 14.217512194412544,
  "mean_ssim": 0.5560850663704501
}