{
  "samples": 552,
  "mean_mae": 0.10575890133791752,
  "mean_mse": 0.02250831888902568,
  "mean_psnr": 17.57508937425436,
  "mean_ssim": 0.5742852477815704
}