{
  "samples": 552,
  "mean_mae": 0.42128924196720985,
  "mean_mse": 0.28208210338851897,
  "mean_psnr": 6.484088524128183,
  "mean_ssim": 0.4450193147336983
}