{
  "samples": 552,
  "mean_mae": 0.15443089368510182,
  "mean_mse": 0.03978022284729008,
  "mean_psnr": 15.583558459841084,
  "mean_ssim": 0.6289374232157201
}