{
  "samples": 552,
  "mean_mae": 0.1797267654235812,
  "mean_mse": 0.05701458671440681,
  "mean_psnr": 13.079328401138044,
  "mean_ssim": 0.5157121648283108
}