{
  "samples": 552,
  "mean_mae": 0.09769099152080067,
  "mean_mse": 0.019661705909749035,
  "mean_psnr": 18.193259781738433,
  "mean_ssim": 0.6205234343482964
}