{
  "samples": 552,
  "mean_mae": 0.16693931225471306,
  "mean_mse": 0.049037688550120896,
  "mean_psnr": 13.698561600891884,
  "mean_ssim": 0.49754358423144923
}