{
  "samples": 552,
  "mean_mae": 0.09781895546188606,
  "mean_mse": 0.020881444230959143,
  "mean_psnr": 17.574938367323593,
  "mean_ssim": 0.6544291159758965
}