{
  "samples": 552,
  "mean_mae": 0.062159357413622565,
  "mean_mse": 0.01061070964773324,
  "mean_psnr": 22.437141649637038,
  "mean_ssim": 0.7187806604349095
}