{
  "samples": 552,
  "mean_mae": 0.1067898755191245,
  "mean_mse": 0.024252214790423117,
  "mean_psnr": 17.00373164718653,
  "mean_ssim": 0.6039892956884443
}